"scen_id","n","pi0","power","alpha","method","mean_fdp","exceed","H","delta_ecdf","tau","alpha_cqr","max_weight"
"L1",3,0.2,0.2,0.01,"BH",0.02,0.02,"0.02,0.05,0.1",0.005,0.7,0.03,3
"L1",3,0.2,0.2,0.01,"Storey",0.02,0.02,"0.02,0.05,0.1",0.005,0.7,0.03,3
"L1",3,0.2,0.2,0.01,"SCOUT_safe",0.02,0.02,"0.02,0.05,0.1",0.005,0.7,0.03,3
"L1",3,0.2,0.2,0.01,"SCOUT_both",0.0283333333333333,0.04,"0.02,0.05,0.1",0.005,0.7,0.03,3
"L1",3,0.2,0.2,0.01,"SCOUT_confOnly",0.025,0.03,"0.02,0.05,0.1",0.005,0.7,0.03,3
"L1",3,0.2,0.2,0.05,"BH",0.045,0.05,"0.02,0.05,0.1",0.005,0.7,0.03,3
"L1",3,0.2,0.2,0.05,"Storey",0.0841666666666666,0.11,"0.02,0.05,0.1",0.005,0.7,0.03,3
"L1",3,0.2,0.2,0.05,"SCOUT_safe",0.0866666666666667,0.12,"0.02,0.05,0.1",0.005,0.7,0.03,3
"L1",3,0.2,0.2,0.05,"SCOUT_both",0.178611151361538,0.56,"0.02,0.05,0.1",0.005,0.7,0.03,3
"L1",3,0.2,0.2,0.05,"SCOUT_confOnly",0.192394174643235,0.62,"0.02,0.05,0.1",0.005,0.7,0.03,3
"L1",3,0.2,0.2,0.1,"BH",0.0743269230769231,0.14,"0.02,0.05,0.1",0.005,0.7,0.03,3
"L1",3,0.2,0.2,0.1,"Storey",0.103229925303455,0.3,"0.02,0.05,0.1",0.005,0.7,0.03,3
"L1",3,0.2,0.2,0.1,"SCOUT_safe",0.119015908927674,0.27,"0.02,0.05,0.1",0.005,0.7,0.03,3
"L1",3,0.2,0.2,0.1,"SCOUT_both",0.207271035854028,0.98,"0.02,0.05,0.1",0.005,0.7,0.03,3
"L1",3,0.2,0.2,0.1,"SCOUT_confOnly",0.207163900592933,0.99,"0.02,0.05,0.1",0.005,0.7,0.03,3
"L2",3,0.4,0.2,0.01,"BH",0.00999999999999999,0.01,"0.02,0.05,0.1",0.005,0.7,0.03,3
"L2",3,0.4,0.2,0.01,"Storey",0.00999999999999999,0.01,"0.02,0.05,0.1",0.005,0.7,0.03,3
"L2",3,0.4,0.2,0.01,"SCOUT_safe",0.03,0.03,"0.02,0.05,0.1",0.005,0.7,0.03,3
"L2",3,0.4,0.2,0.01,"SCOUT_both",0.0533333333333334,0.06,"0.02,0.05,0.1",0.005,0.7,0.03,3
"L2",3,0.4,0.2,0.01,"SCOUT_confOnly",0.06,0.06,"0.02,0.05,0.1",0.005,0.7,0.03,3
"L2",3,0.4,0.2,0.05,"BH",0.0583333333333333,0.07,"0.02,0.05,0.1",0.005,0.7,0.03,3
"L2",3,0.4,0.2,0.05,"Storey",0.0783333333333333,0.09,"0.02,0.05,0.1",0.005,0.7,0.03,3
"L2",3,0.4,0.2,0.05,"SCOUT_safe",0.12,0.13,"0.02,0.05,0.1",0.005,0.7,0.03,3
"L2",3,0.4,0.2,0.05,"SCOUT_both",0.213,0.31,"0.02,0.05,0.1",0.005,0.7,0.03,3
"L2",3,0.4,0.2,0.05,"SCOUT_confOnly",0.215018398268398,0.3,"0.02,0.05,0.1",0.005,0.7,0.03,3
"L2",3,0.4,0.2,0.1,"BH",0.140833333333333,0.18,"0.02,0.05,0.1",0.005,0.7,0.03,3
"L2",3,0.4,0.2,0.1,"Storey",0.176937229437229,0.28,"0.02,0.05,0.1",0.005,0.7,0.03,3
"L2",3,0.4,0.2,0.1,"SCOUT_safe",0.272789682539683,0.4,"0.02,0.05,0.1",0.005,0.7,0.03,3
"L2",3,0.4,0.2,0.1,"SCOUT_both",0.35825880217633,0.77,"0.02,0.05,0.1",0.005,0.7,0.03,3
"L2",3,0.4,0.2,0.1,"SCOUT_confOnly",0.377233696921256,0.82,"0.02,0.05,0.1",0.005,0.7,0.03,3
"L3",3,0.7,0.2,0.01,"BH",0,0,"0.02,0.05,0.1",0.005,0.7,0.03,3
"L3",3,0.7,0.2,0.01,"Storey",0.01,0.01,"0.02,0.05,0.1",0.005,0.7,0.03,3
"L3",3,0.7,0.2,0.01,"SCOUT_safe",0.01,0.01,"0.02,0.05,0.1",0.005,0.7,0.03,3
"L3",3,0.7,0.2,0.01,"SCOUT_both",0.04,0.04,"0.02,0.05,0.1",0.005,0.7,0.03,3
"L3",3,0.7,0.2,0.01,"SCOUT_confOnly",0.045,0.05,"0.02,0.05,0.1",0.005,0.7,0.03,3
"L3",3,0.7,0.2,0.05,"BH",0.07,0.07,"0.02,0.05,0.1",0.005,0.7,0.03,3
"L3",3,0.7,0.2,0.05,"Storey",0.08,0.08,"0.02,0.05,0.1",0.005,0.7,0.03,3
"L3",3,0.7,0.2,0.05,"SCOUT_safe",0.165,0.17,"0.02,0.05,0.1",0.005,0.7,0.03,3
"L3",3,0.7,0.2,0.05,"SCOUT_both",0.2275,0.24,"0.02,0.05,0.1",0.005,0.7,0.03,3
"L3",3,0.7,0.2,0.05,"SCOUT_confOnly",0.233333333333333,0.25,"0.02,0.05,0.1",0.005,0.7,0.03,3
"L3",3,0.7,0.2,0.1,"BH",0.13,0.15,"0.02,0.05,0.1",0.005,0.7,0.03,3
"L3",3,0.7,0.2,0.1,"Storey",0.155,0.18,"0.02,0.05,0.1",0.005,0.7,0.03,3
"L3",3,0.7,0.2,0.1,"SCOUT_safe",0.205,0.23,"0.02,0.05,0.1",0.005,0.7,0.03,3
"L3",3,0.7,0.2,0.1,"SCOUT_both",0.2985,0.35,"0.02,0.05,0.1",0.005,0.7,0.03,3
"L3",3,0.7,0.2,0.1,"SCOUT_confOnly",0.293727106227106,0.35,"0.02,0.05,0.1",0.005,0.7,0.03,3
"L4",5,0.2,0.2,0.01,"BH",0.02,0.02,"0.02,0.05,0.1",0.005,0.7,0.03,3
"L4",5,0.2,0.2,0.01,"Storey",0.025,0.03,"0.02,0.05,0.1",0.005,0.7,0.03,3
"L4",5,0.2,0.2,0.01,"SCOUT_safe",0.035,0.04,"0.02,0.05,0.1",0.005,0.7,0.03,3
"L4",5,0.2,0.2,0.01,"SCOUT_both",0.0925,0.14,"0.02,0.05,0.1",0.005,0.7,0.03,3
"L4",5,0.2,0.2,0.01,"SCOUT_confOnly",0.0841666666666667,0.12,"0.02,0.05,0.1",0.005,0.7,0.03,3
"L4",5,0.2,0.2,0.05,"BH",0.0638333333333333,0.13,"0.02,0.05,0.1",0.005,0.7,0.03,3
"L4",5,0.2,0.2,0.05,"Storey",0.107158350421508,0.29,"0.02,0.05,0.1",0.005,0.7,0.03,3
"L4",5,0.2,0.2,0.05,"SCOUT_safe",0.11815873015873,0.27,"0.02,0.05,0.1",0.005,0.7,0.03,3
"L4",5,0.2,0.2,0.05,"SCOUT_both",0.190340764408063,0.92,"0.02,0.05,0.1",0.005,0.7,0.03,3
"L4",5,0.2,0.2,0.05,"SCOUT_confOnly",0.192402513364719,0.9,"0.02,0.05,0.1",0.005,0.7,0.03,3
"L4",5,0.2,0.2,0.1,"BH",0.184558336656615,0.58,"0.02,0.05,0.1",0.005,0.7,0.03,3
"L4",5,0.2,0.2,0.1,"Storey",0.201598845375035,0.85,"0.02,0.05,0.1",0.005,0.7,0.03,3
"L4",5,0.2,0.2,0.1,"SCOUT_safe",0.212707393838674,0.69,"0.02,0.05,0.1",0.005,0.7,0.03,3
"L4",5,0.2,0.2,0.1,"SCOUT_both",0.1982582053446,1,"0.02,0.05,0.1",0.005,0.7,0.03,3
"L4",5,0.2,0.2,0.1,"SCOUT_confOnly",0.196599587515613,1,"0.02,0.05,0.1",0.005,0.7,0.03,3
"L5",5,0.4,0.2,0.01,"BH",0.01,0.01,"0.02,0.05,0.1",0.005,0.7,0.03,3
"L5",5,0.4,0.2,0.01,"Storey",0.02,0.02,"0.02,0.05,0.1",0.005,0.7,0.03,3
"L5",5,0.4,0.2,0.01,"SCOUT_safe",0.02,0.02,"0.02,0.05,0.1",0.005,0.7,0.03,3
"L5",5,0.4,0.2,0.01,"SCOUT_both",0.055,0.07,"0.02,0.05,0.1",0.005,0.7,0.03,3
"L5",5,0.4,0.2,0.01,"SCOUT_confOnly",0.0583333333333333,0.08,"0.02,0.05,0.1",0.005,0.7,0.03,3
"L5",5,0.4,0.2,0.05,"BH",0.168095238095238,0.24,"0.02,0.05,0.1",0.005,0.7,0.03,3
"L5",5,0.4,0.2,0.05,"Storey",0.178404761904762,0.32,"0.02,0.05,0.1",0.005,0.7,0.03,3
"L5",5,0.4,0.2,0.05,"SCOUT_safe",0.214333333333333,0.32,"0.02,0.05,0.1",0.005,0.7,0.03,3
"L5",5,0.4,0.2,0.05,"SCOUT_both",0.30651247121527,0.68,"0.02,0.05,0.1",0.005,0.7,0.03,3
"L5",5,0.4,0.2,0.05,"SCOUT_confOnly",0.312303547425115,0.71,"0.02,0.05,0.1",0.005,0.7,0.03,3
"L5",5,0.4,0.2,0.1,"BH",0.257886800291212,0.54,"0.02,0.05,0.1",0.005,0.7,0.03,3
"L5",5,0.4,0.2,0.1,"Storey",0.34310801056096,0.77,"0.02,0.05,0.1",0.005,0.7,0.03,3
"L5",5,0.4,0.2,0.1,"SCOUT_safe",0.352924702936987,0.74,"0.02,0.05,0.1",0.005,0.7,0.03,3
"L5",5,0.4,0.2,0.1,"SCOUT_both",0.40971421535731,0.98,"0.02,0.05,0.1",0.005,0.7,0.03,3
"L5",5,0.4,0.2,0.1,"SCOUT_confOnly",0.40244602648492,0.97,"0.02,0.05,0.1",0.005,0.7,0.03,3
"L6",5,0.7,0.2,0.01,"BH",0.01,0.01,"0.02,0.05,0.1",0.005,0.7,0.03,3
"L6",5,0.7,0.2,0.01,"Storey",0.01,0.01,"0.02,0.05,0.1",0.005,0.7,0.03,3
"L6",5,0.7,0.2,0.01,"SCOUT_safe",0.04,0.04,"0.02,0.05,0.1",0.005,0.7,0.03,3
"L6",5,0.7,0.2,0.01,"SCOUT_both",0.09,0.09,"0.02,0.05,0.1",0.005,0.7,0.03,3
"L6",5,0.7,0.2,0.01,"SCOUT_confOnly",0.09,0.09,"0.02,0.05,0.1",0.005,0.7,0.03,3
"L6",5,0.7,0.2,0.05,"BH",0.095,0.11,"0.02,0.05,0.1",0.005,0.7,0.03,3
"L6",5,0.7,0.2,0.05,"Storey",0.15,0.17,"0.02,0.05,0.1",0.005,0.7,0.03,3
"L6",5,0.7,0.2,0.05,"SCOUT_safe",0.25,0.28,"0.02,0.05,0.1",0.005,0.7,0.03,3
"L6",5,0.7,0.2,0.05,"SCOUT_both",0.334476190476191,0.37,"0.02,0.05,0.1",0.005,0.7,0.03,3
"L6",5,0.7,0.2,0.05,"SCOUT_confOnly",0.286,0.32,"0.02,0.05,0.1",0.005,0.7,0.03,3
"L6",5,0.7,0.2,0.1,"BH",0.1955,0.23,"0.02,0.05,0.1",0.005,0.7,0.03,3
"L6",5,0.7,0.2,0.1,"Storey",0.210833333333333,0.25,"0.02,0.05,0.1",0.005,0.7,0.03,3
"L6",5,0.7,0.2,0.1,"SCOUT_safe",0.373833333333333,0.46,"0.02,0.05,0.1",0.005,0.7,0.03,3
"L6",5,0.7,0.2,0.1,"SCOUT_both",0.486920634920635,0.62,"0.02,0.05,0.1",0.005,0.7,0.03,3
"L6",5,0.7,0.2,0.1,"SCOUT_confOnly",0.419272893772894,0.54,"0.02,0.05,0.1",0.005,0.7,0.03,3
"L7",5,0.2,0.35,0.01,"BH",0.0125,0.03,"0.02,0.05,0.1",0.005,0.7,0.03,3
"L7",5,0.2,0.35,0.01,"Storey",0.0932662337662338,0.24,"0.02,0.05,0.1",0.005,0.7,0.03,3
"L7",5,0.2,0.35,0.01,"SCOUT_safe",0.0699404761904762,0.14,"0.02,0.05,0.1",0.005,0.7,0.03,3
"L7",5,0.2,0.35,0.01,"SCOUT_both",0.165558744613878,0.81,"0.02,0.05,0.1",0.005,0.7,0.03,3
"L7",5,0.2,0.35,0.01,"SCOUT_confOnly",0.195736461590639,0.87,"0.02,0.05,0.1",0.005,0.7,0.03,3
"L7",5,0.2,0.35,0.05,"BH",0.206244787296963,0.9,"0.02,0.05,0.1",0.005,0.7,0.03,3
"L7",5,0.2,0.35,0.05,"Storey",0.199857691787484,1,"0.02,0.05,0.1",0.005,0.7,0.03,3
"L7",5,0.2,0.35,0.05,"SCOUT_safe",0.207942304863503,1,"0.02,0.05,0.1",0.005,0.7,0.03,3
"L7",5,0.2,0.35,0.05,"SCOUT_both",0.200233584392706,1,"0.02,0.05,0.1",0.005,0.7,0.03,3
"L7",5,0.2,0.35,0.05,"SCOUT_confOnly",0.199659674050603,1,"0.02,0.05,0.1",0.005,0.7,0.03,3
"L7",5,0.2,0.35,0.1,"BH",0.205606447901086,1,"0.02,0.05,0.1",0.005,0.7,0.03,3
"L7",5,0.2,0.35,0.1,"Storey",0.20063225113926,1,"0.02,0.05,0.1",0.005,0.7,0.03,3
"L7",5,0.2,0.35,0.1,"SCOUT_safe",0.203029797290836,1,"0.02,0.05,0.1",0.005,0.7,0.03,3
"L7",5,0.2,0.35,0.1,"SCOUT_both",0.200429646249123,1,"0.02,0.05,0.1",0.005,0.7,0.03,3
"L7",5,0.2,0.35,0.1,"SCOUT_confOnly",0.200547412459025,1,"0.02,0.05,0.1",0.005,0.7,0.03,3
"L8",5,0.4,0.35,0.01,"BH",0.11,0.13,"0.02,0.05,0.1",0.005,0.7,0.03,3
"L8",5,0.4,0.35,0.01,"Storey",0.1695,0.24,"0.02,0.05,0.1",0.005,0.7,0.03,3
"L8",5,0.4,0.35,0.01,"SCOUT_safe",0.187833333333333,0.24,"0.02,0.05,0.1",0.005,0.7,0.03,3
"L8",5,0.4,0.35,0.01,"SCOUT_both",0.325776556776557,0.57,"0.02,0.05,0.1",0.005,0.7,0.03,3
"L8",5,0.4,0.35,0.01,"SCOUT_confOnly",0.298060966810967,0.54,"0.02,0.05,0.1",0.005,0.7,0.03,3
"L8",5,0.4,0.35,0.05,"BH",0.320223758693074,0.73,"0.02,0.05,0.1",0.005,0.7,0.03,3
"L8",5,0.4,0.35,0.05,"Storey",0.390117386908738,0.98,"0.02,0.05,0.1",0.005,0.7,0.03,3
"L8",5,0.4,0.35,0.05,"SCOUT_safe",0.39122831497283,0.94,"0.02,0.05,0.1",0.005,0.7,0.03,3
"L8",5,0.4,0.35,0.05,"SCOUT_both",0.399224030954253,1,"0.02,0.05,0.1",0.005,0.7,0.03,3
"L8",5,0.4,0.35,0.05,"SCOUT_confOnly",0.399148900443392,1,"0.02,0.05,0.1",0.005,0.7,0.03,3
"L8",5,0.4,0.35,0.1,"BH",0.401519735200912,1,"0.02,0.05,0.1",0.005,0.7,0.03,3
"L8",5,0.4,0.35,0.1,"Storey",0.39814746868214,1,"0.02,0.05,0.1",0.005,0.7,0.03,3
"L8",5,0.4,0.35,0.1,"SCOUT_safe",0.396593332440038,1,"0.02,0.05,0.1",0.005,0.7,0.03,3
"L8",5,0.4,0.35,0.1,"SCOUT_both",0.398892350721801,1,"0.02,0.05,0.1",0.005,0.7,0.03,3
"L8",5,0.4,0.35,0.1,"SCOUT_confOnly",0.398466216725012,1,"0.02,0.05,0.1",0.005,0.7,0.03,3
"L9",5,0.7,0.35,0.01,"BH",0.065,0.07,"0.02,0.05,0.1",0.005,0.7,0.03,3
"L9",5,0.7,0.35,0.01,"Storey",0.085,0.09,"0.02,0.05,0.1",0.005,0.7,0.03,3
"L9",5,0.7,0.35,0.01,"SCOUT_safe",0.145,0.16,"0.02,0.05,0.1",0.005,0.7,0.03,3
"L9",5,0.7,0.35,0.01,"SCOUT_both",0.211666666666667,0.23,"0.02,0.05,0.1",0.005,0.7,0.03,3
"L9",5,0.7,0.35,0.01,"SCOUT_confOnly",0.221666666666667,0.23,"0.02,0.05,0.1",0.005,0.7,0.03,3
"L9",5,0.7,0.35,0.05,"BH",0.408154456654457,0.49,"0.02,0.05,0.1",0.005,0.7,0.03,3
"L9",5,0.7,0.35,0.05,"Storey",0.437342414938003,0.56,"0.02,0.05,0.1",0.005,0.7,0.03,3
"L9",5,0.7,0.35,0.05,"SCOUT_safe",0.522869047619048,0.68,"0.02,0.05,0.1",0.005,0.7,0.03,3
"L9",5,0.7,0.35,0.05,"SCOUT_both",0.638199317241365,0.89,"0.02,0.05,0.1",0.005,0.7,0.03,3
"L9",5,0.7,0.35,0.05,"SCOUT_confOnly",0.601285272232641,0.85,"0.02,0.05,0.1",0.005,0.7,0.03,3
"L9",5,0.7,0.35,0.1,"BH",0.632603667828355,0.88,"0.02,0.05,0.1",0.005,0.7,0.03,3
"L9",5,0.7,0.35,0.1,"Storey",0.663817227512018,0.92,"0.02,0.05,0.1",0.005,0.7,0.03,3
"L9",5,0.7,0.35,0.1,"SCOUT_safe",0.658947482629688,0.94,"0.02,0.05,0.1",0.005,0.7,0.03,3
"L9",5,0.7,0.35,0.1,"SCOUT_both",0.689711375883577,0.99,"0.02,0.05,0.1",0.005,0.7,0.03,3
"L9",5,0.7,0.35,0.1,"SCOUT_confOnly",0.679523143515005,0.99,"0.02,0.05,0.1",0.005,0.7,0.03,3
"L10",8,0.2,0.35,0.01,"BH",0.138497474747475,0.41,"0.02,0.05,0.1",0.005,0.7,0.03,3
"L10",8,0.2,0.35,0.01,"Storey",0.197059536965753,0.94,"0.02,0.05,0.1",0.005,0.7,0.03,3
"L10",8,0.2,0.35,0.01,"SCOUT_safe",0.175430149482142,0.66,"0.02,0.05,0.1",0.005,0.7,0.03,3
"L10",8,0.2,0.35,0.01,"SCOUT_both",0.198793402952266,1,"0.02,0.05,0.1",0.005,0.7,0.03,3
"L10",8,0.2,0.35,0.01,"SCOUT_confOnly",0.197516530140053,1,"0.02,0.05,0.1",0.005,0.7,0.03,3
"L10",8,0.2,0.35,0.05,"BH",0.198713098348,1,"0.02,0.05,0.1",0.005,0.7,0.03,3
"L10",8,0.2,0.35,0.05,"Storey",0.198479661402722,1,"0.02,0.05,0.1",0.005,0.7,0.03,3
"L10",8,0.2,0.35,0.05,"SCOUT_safe",0.198742252166827,1,"0.02,0.05,0.1",0.005,0.7,0.03,3
"L10",8,0.2,0.35,0.05,"SCOUT_both",0.198987901775978,1,"0.02,0.05,0.1",0.005,0.7,0.03,3
"L10",8,0.2,0.35,0.05,"SCOUT_confOnly",0.198442589995487,1,"0.02,0.05,0.1",0.005,0.7,0.03,3
"L10",8,0.2,0.35,0.1,"BH",0.200918588352436,1,"0.02,0.05,0.1",0.005,0.7,0.03,3
"L10",8,0.2,0.35,0.1,"Storey",0.201144016608668,1,"0.02,0.05,0.1",0.005,0.7,0.03,3
"L10",8,0.2,0.35,0.1,"SCOUT_safe",0.20076921025215,1,"0.02,0.05,0.1",0.005,0.7,0.03,3
"L10",8,0.2,0.35,0.1,"SCOUT_both",0.200515495701797,1,"0.02,0.05,0.1",0.005,0.7,0.03,3
"L10",8,0.2,0.35,0.1,"SCOUT_confOnly",0.200388406489914,1,"0.02,0.05,0.1",0.005,0.7,0.03,3
"L11",8,0.4,0.35,0.01,"BH",0.234616883116883,0.4,"0.02,0.05,0.1",0.005,0.7,0.03,3
"L11",8,0.4,0.35,0.01,"Storey",0.338479984173533,0.67,"0.02,0.05,0.1",0.005,0.7,0.03,3
"L11",8,0.4,0.35,0.01,"SCOUT_safe",0.367499341238472,0.64,"0.02,0.05,0.1",0.005,0.7,0.03,3
"L11",8,0.4,0.35,0.01,"SCOUT_both",0.392184647109984,0.93,"0.02,0.05,0.1",0.005,0.7,0.03,3
"L11",8,0.4,0.35,0.01,"SCOUT_confOnly",0.400122385960382,0.91,"0.02,0.05,0.1",0.005,0.7,0.03,3
"L11",8,0.4,0.35,0.05,"BH",0.406273013264031,1,"0.02,0.05,0.1",0.005,0.7,0.03,3
"L11",8,0.4,0.35,0.05,"Storey",0.399974604220414,1,"0.02,0.05,0.1",0.005,0.7,0.03,3
"L11",8,0.4,0.35,0.05,"SCOUT_safe",0.400339537948128,1,"0.02,0.05,0.1",0.005,0.7,0.03,3
"L11",8,0.4,0.35,0.05,"SCOUT_both",0.400557748795843,1,"0.02,0.05,0.1",0.005,0.7,0.03,3
"L11",8,0.4,0.35,0.05,"SCOUT_confOnly",0.40106027167068,1,"0.02,0.05,0.1",0.005,0.7,0.03,3
"L11",8,0.4,0.35,0.1,"BH",0.395373430365681,1,"0.02,0.05,0.1",0.005,0.7,0.03,3
"L11",8,0.4,0.35,0.1,"Storey",0.397805707714818,1,"0.02,0.05,0.1",0.005,0.7,0.03,3
"L11",8,0.4,0.35,0.1,"SCOUT_safe",0.395398439651377,1,"0.02,0.05,0.1",0.005,0.7,0.03,3
"L11",8,0.4,0.35,0.1,"SCOUT_both",0.397733080525372,1,"0.02,0.05,0.1",0.005,0.7,0.03,3
"L11",8,0.4,0.35,0.1,"SCOUT_confOnly",0.397473710659521,1,"0.02,0.05,0.1",0.005,0.7,0.03,3
"L12",8,0.7,0.35,0.01,"BH",0.235,0.27,"0.02,0.05,0.1",0.005,0.7,0.03,3
"L12",8,0.7,0.35,0.01,"Storey",0.309166666666667,0.36,"0.02,0.05,0.1",0.005,0.7,0.03,3
"L12",8,0.7,0.35,0.01,"SCOUT_safe",0.354,0.42,"0.02,0.05,0.1",0.005,0.7,0.03,3
"L12",8,0.7,0.35,0.01,"SCOUT_both",0.460666666666667,0.55,"0.02,0.05,0.1",0.005,0.7,0.03,3
"L12",8,0.7,0.35,0.01,"SCOUT_confOnly",0.44047619047619,0.56,"0.02,0.05,0.1",0.005,0.7,0.03,3
"L12",8,0.7,0.35,0.05,"BH",0.579348275644038,0.83,"0.02,0.05,0.1",0.005,0.7,0.03,3
"L12",8,0.7,0.35,0.05,"Storey",0.67953533368648,0.95,"0.02,0.05,0.1",0.005,0.7,0.03,3
"L12",8,0.7,0.35,0.05,"SCOUT_safe",0.681682648958678,0.96,"0.02,0.05,0.1",0.005,0.7,0.03,3
"L12",8,0.7,0.35,0.05,"SCOUT_both",0.697126095023833,1,"0.02,0.05,0.1",0.005,0.7,0.03,3
"L12",8,0.7,0.35,0.05,"SCOUT_confOnly",0.705857188692342,1,"0.02,0.05,0.1",0.005,0.7,0.03,3
"L12",8,0.7,0.35,0.1,"BH",0.695927355304944,0.99,"0.02,0.05,0.1",0.005,0.7,0.03,3
"L12",8,0.7,0.35,0.1,"Storey",0.703181178241983,1,"0.02,0.05,0.1",0.005,0.7,0.03,3
"L12",8,0.7,0.35,0.1,"SCOUT_safe",0.704499168184822,1,"0.02,0.05,0.1",0.005,0.7,0.03,3
"L12",8,0.7,0.35,0.1,"SCOUT_both",0.702734364908225,1,"0.02,0.05,0.1",0.005,0.7,0.03,3
"L12",8,0.7,0.35,0.1,"SCOUT_confOnly",0.700257652877486,1,"0.02,0.05,0.1",0.005,0.7,0.03,3
"L13",10,0.2,0.5,0.01,"BH",0.198625274379519,1,"0.02,0.05,0.1",0.005,0.7,0.03,3
"L13",10,0.2,0.5,0.01,"Storey",0.19845502416781,1,"0.02,0.05,0.1",0.005,0.7,0.03,3
"L13",10,0.2,0.5,0.01,"SCOUT_safe",0.200430032274895,1,"0.02,0.05,0.1",0.005,0.7,0.03,3
"L13",10,0.2,0.5,0.01,"SCOUT_both",0.198460463806164,1,"0.02,0.05,0.1",0.005,0.7,0.03,3
"L13",10,0.2,0.5,0.01,"SCOUT_confOnly",0.198833894669625,1,"0.02,0.05,0.1",0.005,0.7,0.03,3
"L13",10,0.2,0.5,0.05,"BH",0.198121543434547,1,"0.02,0.05,0.1",0.005,0.7,0.03,3
"L13",10,0.2,0.5,0.05,"Storey",0.198787035889765,1,"0.02,0.05,0.1",0.005,0.7,0.03,3
"L13",10,0.2,0.5,0.05,"SCOUT_safe",0.197218345132281,1,"0.02,0.05,0.1",0.005,0.7,0.03,3
"L13",10,0.2,0.5,0.05,"SCOUT_both",0.199301373700864,1,"0.02,0.05,0.1",0.005,0.7,0.03,3
"L13",10,0.2,0.5,0.05,"SCOUT_confOnly",0.199447238535779,1,"0.02,0.05,0.1",0.005,0.7,0.03,3
"L13",10,0.2,0.5,0.1,"BH",0.19930838318147,1,"0.02,0.05,0.1",0.005,0.7,0.03,3
"L13",10,0.2,0.5,0.1,"Storey",0.199644355219844,1,"0.02,0.05,0.1",0.005,0.7,0.03,3
"L13",10,0.2,0.5,0.1,"SCOUT_safe",0.199156034967917,1,"0.02,0.05,0.1",0.005,0.7,0.03,3
"L13",10,0.2,0.5,0.1,"SCOUT_both",0.199731232786862,1,"0.02,0.05,0.1",0.005,0.7,0.03,3
"L13",10,0.2,0.5,0.1,"SCOUT_confOnly",0.199505999954585,1,"0.02,0.05,0.1",0.005,0.7,0.03,3
"L14",10,0.4,0.5,0.01,"BH",0.415697940647875,1,"0.02,0.05,0.1",0.005,0.7,0.03,3
"L14",10,0.4,0.5,0.01,"Storey",0.408729290205306,1,"0.02,0.05,0.1",0.005,0.7,0.03,3
"L14",10,0.4,0.5,0.01,"SCOUT_safe",0.414276772185437,1,"0.02,0.05,0.1",0.005,0.7,0.03,3
"L14",10,0.4,0.5,0.01,"SCOUT_both",0.405197842235597,1,"0.02,0.05,0.1",0.005,0.7,0.03,3
"L14",10,0.4,0.5,0.01,"SCOUT_confOnly",0.405062674153806,1,"0.02,0.05,0.1",0.005,0.7,0.03,3
"L14",10,0.4,0.5,0.05,"BH",0.398964347719685,1,"0.02,0.05,0.1",0.005,0.7,0.03,3
"L14",10,0.4,0.5,0.05,"Storey",0.398256505470024,1,"0.02,0.05,0.1",0.005,0.7,0.03,3
"L14",10,0.4,0.5,0.05,"SCOUT_safe",0.398650824281018,1,"0.02,0.05,0.1",0.005,0.7,0.03,3
"L14",10,0.4,0.5,0.05,"SCOUT_both",0.399157949238145,1,"0.02,0.05,0.1",0.005,0.7,0.03,3
"L14",10,0.4,0.5,0.05,"SCOUT_confOnly",0.399437593105442,1,"0.02,0.05,0.1",0.005,0.7,0.03,3
"L14",10,0.4,0.5,0.1,"BH",0.398378551440311,1,"0.02,0.05,0.1",0.005,0.7,0.03,3
"L14",10,0.4,0.5,0.1,"Storey",0.39805135316428,1,"0.02,0.05,0.1",0.005,0.7,0.03,3
"L14",10,0.4,0.5,0.1,"SCOUT_safe",0.398718388829988,1,"0.02,0.05,0.1",0.005,0.7,0.03,3
"L14",10,0.4,0.5,0.1,"SCOUT_both",0.399359314451378,1,"0.02,0.05,0.1",0.005,0.7,0.03,3
"L14",10,0.4,0.5,0.1,"SCOUT_confOnly",0.399035144093164,1,"0.02,0.05,0.1",0.005,0.7,0.03,3
"L15",10,0.7,0.5,0.01,"BH",0.677162308807638,0.96,"0.02,0.05,0.1",0.005,0.7,0.03,3
"L15",10,0.7,0.5,0.01,"Storey",0.709760964078935,1,"0.02,0.05,0.1",0.005,0.7,0.03,3
"L15",10,0.7,0.5,0.01,"SCOUT_safe",0.707320623570043,0.99,"0.02,0.05,0.1",0.005,0.7,0.03,3
"L15",10,0.7,0.5,0.01,"SCOUT_both",0.706066770933611,1,"0.02,0.05,0.1",0.005,0.7,0.03,3
"L15",10,0.7,0.5,0.01,"SCOUT_confOnly",0.687467936517856,1,"0.02,0.05,0.1",0.005,0.7,0.03,3
"L15",10,0.7,0.5,0.05,"BH",0.697594694450706,1,"0.02,0.05,0.1",0.005,0.7,0.03,3
"L15",10,0.7,0.5,0.05,"Storey",0.696630802710429,1,"0.02,0.05,0.1",0.005,0.7,0.03,3
"L15",10,0.7,0.5,0.05,"SCOUT_safe",0.697080106347208,1,"0.02,0.05,0.1",0.005,0.7,0.03,3
"L15",10,0.7,0.5,0.05,"SCOUT_both",0.69674337227234,1,"0.02,0.05,0.1",0.005,0.7,0.03,3
"L15",10,0.7,0.5,0.05,"SCOUT_confOnly",0.696923330212727,1,"0.02,0.05,0.1",0.005,0.7,0.03,3
"L15",10,0.7,0.5,0.1,"BH",0.702135522793154,1,"0.02,0.05,0.1",0.005,0.7,0.03,3
"L15",10,0.7,0.5,0.1,"Storey",0.702948670103141,1,"0.02,0.05,0.1",0.005,0.7,0.03,3
"L15",10,0.7,0.5,0.1,"SCOUT_safe",0.702055678959727,1,"0.02,0.05,0.1",0.005,0.7,0.03,3
"L15",10,0.7,0.5,0.1,"SCOUT_both",0.703390103382383,1,"0.02,0.05,0.1",0.005,0.7,0.03,3
"L15",10,0.7,0.5,0.1,"SCOUT_confOnly",0.703356949700685,1,"0.02,0.05,0.1",0.005,0.7,0.03,3
